Unnamed: 0,date,county,state,fips,cases,deaths
0,2020-01-21,Snohomish,Washington,53061.0,1,0.0
1,2020-01-22,Snohomish,Washington,53061.0,1,0.0
2,2020-01-23,Snohomish,Washington,53061.0,1,0.0
3,2020-01-24,Cook,Illinois,17031.0,1,0.0
4,2020-01-24,Snohomish,Washington,53061.0,1,0.0
5,2020-01-25,Orange,California,6059.0,1,0.0
6,2020-01-25,Cook,Illinois,17031.0,1,0.0
7,2020-01-25,Snohomish,Washington,53061.0,1,0.0
8,2020-01-26,Maricopa,Arizona,4013.0,1,0.0
9,2020-01-26,Los Angeles,California,6037.0,1,0.0
10,2020-01-26,Orange,California,6059.0,1,0.0
11,2020-01-26,Cook,Illinois,17031.0,1,0.0
12,2020-01-26,Snohomish,Washington,53061.0,1,0.0
13,2020-01-27,Maricopa,Arizona,4013.0,1,0.0
14,2020-01-27,Los Angeles,California,6037.0,1,0.0
15,2020-01-27,Orange,California,6059.0,1,0.0
16,2020-01-27,Cook,Illinois,17031.0,1,0.0
17,2020-01-27,Snohomish,Washington,53061.0,1,0.0
18,2020-01-28,Maricopa,Arizona,4013.0,1,0.0
19,2020-01-28,Los Angeles,California,6037.0,1,0.0
20,2020-01-28,Orange,California,6059.0,1,0.0
21,2020-01-28,Cook,Illinois,17031.0,1,0.0
22,2020-01-28,Snohomish,Washington,53061.0,1,0.0
23,2020-01-29,Maricopa,Arizona,4013.0,1,0.0
24,2020-01-29,Los Angeles,California,6037.0,1,0.0
25,2020-01-29,Orange,California,6059.0,1,0.0
26,2020-01-29,Cook,Illinois,17031.0,1,0.0
27,2020-01-29,Snohomish,Washington,53061.0,1,0.0
28,2020-01-30,Maricopa,Arizona,4013.0,1,0.0
29,2020-01-30,Los Angeles,California,6037.0,1,0.0
30,2020-01-30,Orange,California,6059.0,1,0.0
31,2020-01-30,Cook,Illinois,17031.0,2,0.0
32,2020-01-30,Snohomish,Washington,53061.0,1,0.0
33,2020-01-31,Maricopa,Arizona,4013.0,1,0.0
34,2020-01-31,Los Angeles,California,6037.0,1,0.0
35,2020-01-31,Orange,California,6059.0,1,0.0
36,2020-01-31,Santa Clara,California,6085.0,1,0.0
37,2020-01-31,Cook,Illinois,17031.0,2,0.0
38,2020-01-31,Snohomish,Washington,53061.0,1,0.0
39,2020-02-01,Maricopa,Arizona,4013.0,1,0.0
40,2020-02-01,Los Angeles,California,6037.0,1,0.0
41,2020-02-01,Orange,California,6059.0,1,0.0
42,2020-02-01,Santa Clara,California,6085.0,1,0.0
43,2020-02-01,Cook,Illinois,17031.0,2,0.0
44,2020-02-01,Suffolk,Massachusetts,25025.0,1,0.0
45,2020-02-01,Snohomish,Washington,53061.0,1,0.0
46,2020-02-02,Maricopa,Arizona,4013.0,1,0.0
47,2020-02-02,Los Angeles,California,6037.0,1,0.0
48,2020-02-02,Orange,California,6059.0,1,0.0
49,2020-02-02,San Francisco,California,6075.0,2,0.0
50,2020-02-02,Santa Clara,California,6085.0,2,0.0
51,2020-02-02,Cook,Illinois,17031.0,2,0.0
52,2020-02-02,Suffolk,Massachusetts,25025.0,1,0.0
53,2020-02-02,Snohomish,Washington,53061.0,1,0.0
54,2020-02-03,Maricopa,Arizona,4013.0,1,0.0
55,2020-02-03,Los Angeles,California,6037.0,1,0.0
56,2020-02-03,Orange,California,6059.0,1,0.0
57,2020-02-03,San Francisco,California,6075.0,2,0.0
58,2020-02-03,Santa Clara,California,6085.0,2,0.0
59,2020-02-03,Cook,Illinois,17031.0,2,0.0
60,2020-02-03,Suffolk,Massachusetts,25025.0,1,0.0
61,2020-02-03,Snohomish,Washington,53061.0,1,0.0
62,2020-02-04,Maricopa,Arizona,4013.0,1,0.0
63,2020-02-04,Los Angeles,California,6037.0,1,0.0
64,2020-02-04,Orange,California,6059.0,1,0.0
65,2020-02-04,San Francisco,California,6075.0,2,0.0
66,2020-02-04,Santa Clara,California,6085.0,2,0.0
67,2020-02-04,Cook,Illinois,17031.0,2,0.0
68,2020-02-04,Suffolk,Massachusetts,25025.0,1,0.0
69,2020-02-04,Snohomish,Washington,53061.0,1,0.0
70,2020-02-05,Maricopa,Arizona,4013.0,1,0.0
71,2020-02-05,Los Angeles,California,6037.0,1,0.0
72,2020-02-05,Orange,California,6059.0,1,0.0
73,2020-02-05,San Francisco,California,6075.0,2,0.0
74,2020-02-05,Santa Clara,California,6085.0,2,0.0
75,2020-02-05,Cook,Illinois,17031.0,2,0.0
76,2020-02-05,Suffolk,Massachusetts,25025.0,1,0.0
77,2020-02-05,Snohomish,Washington,53061.0,1,0.0
78,2020-02-05,Dane,Wisconsin,55025.0,1,0.0
79,2020-02-06,Maricopa,Arizona,4013.0,1,0.0
80,2020-02-06,Los Angeles,California,6037.0,1,0.0
81,2020-02-06,Orange,California,6059.0,1,0.0
82,2020-02-06,San Francisco,California,6075.0,2,0.0
83,2020-02-06,Santa Clara,California,6085.0,2,0.0
84,2020-02-06,Cook,Illinois,17031.0,2,0.0
85,2020-02-06,Suffolk,Massachusetts,25025.0,1,0.0
86,2020-02-06,Snohomish,Washington,53061.0,1,0.0
87,2020-02-06,Dane,Wisconsin,55025.0,1,0.0
88,2020-02-07,Maricopa,Arizona,4013.0,1,0.0
89,2020-02-07,Los Angeles,California,6037.0,1,0.0
90,2020-02-07,Orange,California,6059.0,1,0.0
91,2020-02-07,San Francisco,California,6075.0,2,0.0
92,2020-02-07,Santa Clara,California,6085.0,2,0.0
93,2020-02-07,Cook,Illinois,17031.0,2,0.0
94,2020-02-07,Suffolk,Massachusetts,25025.0,1,0.0
95,2020-02-07,Snohomish,Washington,53061.0,1,0.0
96,2020-02-07,Dane,Wisconsin,55025.0,1,0.0
97,2020-02-08,Maricopa,Arizona,4013.0,1,0.0
98,2020-02-08,Los Angeles,California,6037.0,1,0.0
99,2020-02-08,Orange,California,6059.0,1,0.0
100,2020-02-08,San Francisco,California,6075.0,2,0.0
101,2020-02-08,Santa Clara,California,6085.0,2,0.0
102,2020-02-08,Cook,Illinois,17031.0,2,0.0
103,2020-02-08,Suffolk,Massachusetts,25025.0,1,0.0
104,2020-02-08,Snohomish,Washington,53061.0,1,0.0
105,2020-02-08,Dane,Wisconsin,55025.0,1,0.0
106,2020-02-09,Maricopa,Arizona,4013.0,1,0.0
107,2020-02-09,Los Angeles,California,6037.0,1,0.0
108,2020-02-09,Orange,California,6059.0,1,0.0
109,2020-02-09,San Francisco,California,6075.0,2,0.0
110,2020-02-09,Santa Clara,California,6085.0,2,0.0
111,2020-02-09,Cook,Illinois,17031.0,2,0.0
112,2020-02-09,Suffolk,Massachusetts,25025.0,1,0.0
113,2020-02-09,Snohomish,Washington,53061.0,1,0.0
114,2020-02-09,Dane,Wisconsin,55025.0,1,0.0
115,2020-02-10,Maricopa,Arizona,4013.0,1,0.0
116,2020-02-10,Los Angeles,California,6037.0,1,0.0
117,2020-02-10,Orange,California,6059.0,1,0.0
118,2020-02-10,San Diego,California,6073.0,1,0.0
119,2020-02-10,San Francisco,California,6075.0,2,0.0
120,2020-02-10,Santa Clara,California,6085.0,2,0.0
121,2020-02-10,Cook,Illinois,17031.0,2,0.0
122,2020-02-10,Suffolk,Massachusetts,25025.0,1,0.0
123,2020-02-10,Snohomish,Washington,53061.0,1,0.0
124,2020-02-10,Dane,Wisconsin,55025.0,1,0.0
125,2020-02-11,Maricopa,Arizona,4013.0,1,0.0
126,2020-02-11,Los Angeles,California,6037.0,1,0.0
127,2020-02-11,Orange,California,6059.0,1,0.0
128,2020-02-11,San Diego,California,6073.0,1,0.0
129,2020-02-11,San Francisco,California,6075.0,2,0.0
130,2020-02-11,Santa Clara,California,6085.0,2,0.0
131,2020-02-11,Cook,Illinois,17031.0,2,0.0
132,2020-02-11,Suffolk,Massachusetts,25025.0,1,0.0
133,2020-02-11,Snohomish,Washington,53061.0,1,0.0
134,2020-02-11,Dane,Wisconsin,55025.0,1,0.0
135,2020-02-12,Maricopa,Arizona,4013.0,1,0.0
136,2020-02-12,Los Angeles,California,6037.0,1,0.0
137,2020-02-12,Orange,California,6059.0,1,0.0
138,2020-02-12,San Diego,California,6073.0,1,0.0
139,2020-02-12,San Francisco,California,6075.0,2,0.0
140,2020-02-12,Santa Clara,California,6085.0,2,0.0
141,2020-02-12,Cook,Illinois,17031.0,2,0.0
142,2020-02-12,Suffolk,Massachusetts,25025.0,1,0.0
143,2020-02-12,Bexar,Texas,48029.0,1,0.0
144,2020-02-12,Snohomish,Washington,53061.0,1,0.0
145,2020-02-12,Dane,Wisconsin,55025.0,1,0.0
146,2020-02-13,Maricopa,Arizona,4013.0,1,0.0
147,2020-02-13,Los Angeles,California,6037.0,1,0.0
148,2020-02-13,Orange,California,6059.0,1,0.0
149,2020-02-13,San Diego,California,6073.0,1,0.0
150,2020-02-13,San Francisco,California,6075.0,2,0.0
151,2020-02-13,Santa Clara,California,6085.0,2,0.0
152,2020-02-13,Cook,Illinois,17031.0,2,0.0
153,2020-02-13,Suffolk,Massachusetts,25025.0,1,0.0
154,2020-02-13,Bexar,Texas,48029.0,2,0.0
155,2020-02-13,Snohomish,Washington,53061.0,1,0.0
156,2020-02-13,Dane,Wisconsin,55025.0,1,0.0
157,2020-02-14,Maricopa,Arizona,4013.0,1,0.0
158,2020-02-14,Los Angeles,California,6037.0,1,0.0
159,2020-02-14,Orange,California,6059.0,1,0.0
160,2020-02-14,San Diego,California,6073.0,1,0.0
161,2020-02-14,San Francisco,California,6075.0,2,0.0
162,2020-02-14,Santa Clara,California,6085.0,2,0.0
163,2020-02-14,Cook,Illinois,17031.0,2,0.0
164,2020-02-14,Suffolk,Massachusetts,25025.0,1,0.0
165,2020-02-14,Bexar,Texas,48029.0,2,0.0
166,2020-02-14,Snohomish,Washington,53061.0,1,0.0
167,2020-02-14,Dane,Wisconsin,55025.0,1,0.0
168,2020-02-15,Maricopa,Arizona,4013.0,1,0.0
169,2020-02-15,Los Angeles,California,6037.0,1,0.0
170,2020-02-15,Orange,California,6059.0,1,0.0
171,2020-02-15,San Diego,California,6073.0,1,0.0
172,2020-02-15,San Francisco,California,6075.0,2,0.0
173,2020-02-15,Santa Clara,California,6085.0,2,0.0
174,2020-02-15,Cook,Illinois,17031.0,2,0.0
175,2020-02-15,Suffolk,Massachusetts,25025.0,1,0.0
176,2020-02-15,Bexar,Texas,48029.0,2,0.0
177,2020-02-15,Snohomish,Washington,53061.0,1,0.0
178,2020-02-15,Dane,Wisconsin,55025.0,1,0.0
179,2020-02-16,Maricopa,Arizona,4013.0,1,0.0
180,2020-02-16,Los Angeles,California,6037.0,1,0.0
181,2020-02-16,Orange,California,6059.0,1,0.0
182,2020-02-16,San Diego,California,6073.0,1,0.0
183,2020-02-16,San Francisco,California,6075.0,2,0.0
184,2020-02-16,Santa Clara,California,6085.0,2,0.0
185,2020-02-16,Cook,Illinois,17031.0,2,0.0
186,2020-02-16,Suffolk,Massachusetts,25025.0,1,0.0
187,2020-02-16,Bexar,Texas,48029.0,2,0.0
188,2020-02-16,Snohomish,Washington,53061.0,1,0.0
189,2020-02-16,Dane,Wisconsin,55025.0,1,0.0
190,2020-02-17,Maricopa,Arizona,4013.0,1,0.0
191,2020-02-17,Los Angeles,California,6037.0,1,0.0
192,2020-02-17,Orange,California,6059.0,1,0.0
193,2020-02-17,San Diego,California,6073.0,1,0.0
194,2020-02-17,San Francisco,California,6075.0,2,0.0
195,2020-02-17,Santa Clara,California,6085.0,2,0.0
196,2020-02-17,Cook,Illinois,17031.0,2,0.0
197,2020-02-17,Suffolk,Massachusetts,25025.0,1,0.0
198,2020-02-17,Douglas,Nebraska,31055.0,10,0.0
199,2020-02-17,Bexar,Texas,48029.0,2,0.0
200,2020-02-17,Snohomish,Washington,53061.0,1,0.0
201,2020-02-17,Dane,Wisconsin,55025.0,1,0.0
202,2020-02-18,Maricopa,Arizona,4013.0,1,0.0
203,2020-02-18,Los Angeles,California,6037.0,1,0.0
204,2020-02-18,Orange,California,6059.0,1,0.0
205,2020-02-18,San Diego,California,6073.0,1,0.0
206,2020-02-18,San Francisco,California,6075.0,2,0.0
207,2020-02-18,Santa Clara,California,6085.0,2,0.0
208,2020-02-18,Cook,Illinois,17031.0,2,0.0
209,2020-02-18,Suffolk,Massachusetts,25025.0,1,0.0
210,2020-02-18,Douglas,Nebraska,31055.0,10,0.0
211,2020-02-18,Bexar,Texas,48029.0,2,0.0
212,2020-02-18,Snohomish,Washington,53061.0,1,0.0
213,2020-02-18,Dane,Wisconsin,55025.0,1,0.0
214,2020-02-19,Maricopa,Arizona,4013.0,1,0.0
215,2020-02-19,Los Angeles,California,6037.0,1,0.0
216,2020-02-19,Orange,California,6059.0,1,0.0
217,2020-02-19,San Diego,California,6073.0,1,0.0
218,2020-02-19,San Francisco,California,6075.0,2,0.0
219,2020-02-19,Santa Clara,California,6085.0,2,0.0
220,2020-02-19,Cook,Illinois,17031.0,2,0.0
221,2020-02-19,Suffolk,Massachusetts,25025.0,1,0.0
222,2020-02-19,Douglas,Nebraska,31055.0,10,0.0
223,2020-02-19,Bexar,Texas,48029.0,2,0.0
224,2020-02-19,Snohomish,Washington,53061.0,1,0.0
225,2020-02-19,Dane,Wisconsin,55025.0,1,0.0
226,2020-02-20,Maricopa,Arizona,4013.0,1,0.0
227,2020-02-20,Humboldt,California,6023.0,1,0.0
228,2020-02-20,Los Angeles,California,6037.0,1,0.0
229,2020-02-20,Orange,California,6059.0,1,0.0
230,2020-02-20,San Diego,California,6073.0,1,0.0
231,2020-02-20,San Francisco,California,6075.0,2,0.0
232,2020-02-20,Santa Clara,California,6085.0,2,0.0
233,2020-02-20,Cook,Illinois,17031.0,2,0.0
234,2020-02-20,Suffolk,Massachusetts,25025.0,1,0.0
235,2020-02-20,Douglas,Nebraska,31055.0,11,0.0
236,2020-02-20,Bexar,Texas,48029.0,2,0.0
237,2020-02-20,Snohomish,Washington,53061.0,1,0.0
238,2020-02-20,Dane,Wisconsin,55025.0,1,0.0
239,2020-02-21,Maricopa,Arizona,4013.0,1,0.0
240,2020-02-21,Humboldt,California,6023.0,1,0.0
241,2020-02-21,Los Angeles,California,6037.0,1,0.0
242,2020-02-21,Orange,California,6059.0,1,0.0
243,2020-02-21,Sacramento,California,6067.0,1,0.0
244,2020-02-21,San Diego,California,6073.0,1,0.0
245,2020-02-21,San Francisco,California,6075.0,2,0.0
246,2020-02-21,Santa Clara,California,6085.0,2,0.0
247,2020-02-21,Cook,Illinois,17031.0,2,0.0
248,2020-02-21,Suffolk,Massachusetts,25025.0,1,0.0
249,2020-02-21,Douglas,Nebraska,31055.0,11,0.0
250,2020-02-21,Bexar,Texas,48029.0,4,0.0
251,2020-02-21,Snohomish,Washington,53061.0,1,0.0
252,2020-02-21,Dane,Wisconsin,55025.0,1,0.0
253,2020-02-22,Maricopa,Arizona,4013.0,1,0.0
254,2020-02-22,Humboldt,California,6023.0,1,0.0
255,2020-02-22,Los Angeles,California,6037.0,1,0.0
256,2020-02-22,Orange,California,6059.0,1,0.0
257,2020-02-22,Sacramento,California,6067.0,1,0.0
258,2020-02-22,San Diego,California,6073.0,1,0.0
259,2020-02-22,San Francisco,California,6075.0,2,0.0
260,2020-02-22,Santa Clara,California,6085.0,2,0.0
261,2020-02-22,Cook,Illinois,17031.0,2,0.0
262,2020-02-22,Suffolk,Massachusetts,25025.0,1,0.0
263,2020-02-22,Douglas,Nebraska,31055.0,11,0.0
264,2020-02-22,Bexar,Texas,48029.0,4,0.0
265,2020-02-22,Snohomish,Washington,53061.0,1,0.0
266,2020-02-22,Dane,Wisconsin,55025.0,1,0.0
267,2020-02-23,Maricopa,Arizona,4013.0,1,0.0
268,2020-02-23,Humboldt,California,6023.0,1,0.0
269,2020-02-23,Los Angeles,California,6037.0,1,0.0
270,2020-02-23,Orange,California,6059.0,1,0.0
271,2020-02-23,Sacramento,California,6067.0,1,0.0
272,2020-02-23,San Diego,California,6073.0,1,0.0
273,2020-02-23,San Francisco,California,6075.0,2,0.0
274,2020-02-23,Santa Clara,California,6085.0,2,0.0
275,2020-02-23,Cook,Illinois,17031.0,2,0.0
276,2020-02-23,Suffolk,Massachusetts,25025.0,1,0.0
277,2020-02-23,Douglas,Nebraska,31055.0,11,0.0
278,2020-02-23,Bexar,Texas,48029.0,4,0.0
279,2020-02-23,Snohomish,Washington,53061.0,1,0.0
280,2020-02-23,Dane,Wisconsin,55025.0,1,0.0
281,2020-02-24,Maricopa,Arizona,4013.0,1,0.0
282,2020-02-24,Humboldt,California,6023.0,1,0.0
283,2020-02-24,Los Angeles,California,6037.0,1,0.0
284,2020-02-24,Orange,California,6059.0,1,0.0
285,2020-02-24,Sacramento,California,6067.0,1,0.0
286,2020-02-24,San Diego,California,6073.0,1,0.0
287,2020-02-24,San Francisco,California,6075.0,3,0.0
288,2020-02-24,Santa Clara,California,6085.0,2,0.0
289,2020-02-24,Solano,California,6095.0,1,0.0
290,2020-02-24,Cook,Illinois,17031.0,2,0.0
291,2020-02-24,Suffolk,Massachusetts,25025.0,1,0.0
292,2020-02-24,Douglas,Nebraska,31055.0,12,0.0
293,2020-02-24,Bexar,Texas,48029.0,10,0.0
294,2020-02-24,Snohomish,Washington,53061.0,1,0.0
295,2020-02-24,Spokane,Washington,53063.0,4,0.0
296,2020-02-24,Dane,Wisconsin,55025.0,1,0.0
297,2020-02-25,Maricopa,Arizona,4013.0,1,0.0
298,2020-02-25,Humboldt,California,6023.0,1,0.0
299,2020-02-25,Los Angeles,California,6037.0,1,0.0
300,2020-02-25,Orange,California,6059.0,1,0.0
301,2020-02-25,Sacramento,California,6067.0,1,0.0
302,2020-02-25,San Diego,California,6073.0,1,0.0
303,2020-02-25,San Francisco,California,6075.0,3,0.0
304,2020-02-25,Santa Clara,California,6085.0,2,0.0
305,2020-02-25,Solano,California,6095.0,1,0.0
306,2020-02-25,Cook,Illinois,17031.0,2,0.0
307,2020-02-25,Suffolk,Massachusetts,25025.0,1,0.0
308,2020-02-25,Douglas,Nebraska,31055.0,13,0.0
309,2020-02-25,Bexar,Texas,48029.0,10,0.0
310,2020-02-25,Salt Lake,Utah,49035.0,1,0.0
311,2020-02-25,Snohomish,Washington,53061.0,1,0.0
312,2020-02-25,Spokane,Washington,53063.0,4,0.0
313,2020-02-25,Dane,Wisconsin,55025.0,1,0.0
314,2020-02-26,Maricopa,Arizona,4013.0,1,0.0
315,2020-02-26,Humboldt,California,6023.0,1,0.0
316,2020-02-26,Los Angeles,California,6037.0,1,0.0
317,2020-02-26,Marin,California,6041.0,1,0.0
318,2020-02-26,Napa,California,6055.0,1,0.0
319,2020-02-26,Orange,California,6059.0,1,0.0
320,2020-02-26,Sacramento,California,6067.0,3,0.0
321,2020-02-26,San Diego,California,6073.0,1,0.0
322,2020-02-26,San Francisco,California,6075.0,3,0.0
323,2020-02-26,Santa Clara,California,6085.0,2,0.0
324,2020-02-26,Solano,California,6095.0,11,0.0
325,2020-02-26,Sonoma,California,6097.0,1,0.0
326,2020-02-26,Cook,Illinois,17031.0,2,0.0
327,2020-02-26,Suffolk,Massachusetts,25025.0,1,0.0
328,2020-02-26,Douglas,Nebraska,31055.0,13,0.0
329,2020-02-26,Bexar,Texas,48029.0,10,0.0
330,2020-02-26,Salt Lake,Utah,49035.0,1,0.0
331,2020-02-26,Snohomish,Washington,53061.0,1,0.0
332,2020-02-26,Spokane,Washington,53063.0,4,0.0
333,2020-02-26,Dane,Wisconsin,55025.0,1,0.0
334,2020-02-27,Maricopa,Arizona,4013.0,1,0.0
335,2020-02-27,Humboldt,California,6023.0,1,0.0
336,2020-02-27,Los Angeles,California,6037.0,1,0.0
337,2020-02-27,Marin,California,6041.0,1,0.0
338,2020-02-27,Napa,California,6055.0,1,0.0
339,2020-02-27,Orange,California,6059.0,1,0.0
340,2020-02-27,Sacramento,California,6067.0,3,0.0
341,2020-02-27,San Diego,California,6073.0,1,0.0
342,2020-02-27,San Francisco,California,6075.0,3,0.0
343,2020-02-27,Santa Clara,California,6085.0,2,0.0
344,2020-02-27,Solano,California,6095.0,11,0.0
345,2020-02-27,Sonoma,California,6097.0,1,0.0
346,2020-02-27,Cook,Illinois,17031.0,2,0.0
347,2020-02-27,Suffolk,Massachusetts,25025.0,1,0.0
348,2020-02-27,Douglas,Nebraska,31055.0,13,0.0
349,2020-02-27,Bexar,Texas,48029.0,10,0.0
350,2020-02-27,Salt Lake,Utah,49035.0,1,0.0
351,2020-02-27,Snohomish,Washington,53061.0,1,0.0
352,2020-02-27,Spokane,Washington,53063.0,4,0.0
353,2020-02-27,Dane,Wisconsin,55025.0,1,0.0
354,2020-02-28,Maricopa,Arizona,4013.0,1,0.0
355,2020-02-28,Humboldt,California,6023.0,1,0.0
356,2020-02-28,Los Angeles,California,6037.0,1,0.0
357,2020-02-28,Marin,California,6041.0,1,0.0
358,2020-02-28,Napa,California,6055.0,1,0.0
359,2020-02-28,Orange,California,6059.0,1,0.0
360,2020-02-28,Sacramento,California,6067.0,3,0.0
361,2020-02-28,San Diego,California,6073.0,1,0.0
362,2020-02-28,San Francisco,California,6075.0,3,0.0
363,2020-02-28,Santa Clara,California,6085.0,3,0.0
364,2020-02-28,Solano,California,6095.0,11,0.0
365,2020-02-28,Sonoma,California,6097.0,1,0.0
366,2020-02-28,Cook,Illinois,17031.0,2,0.0
367,2020-02-28,Suffolk,Massachusetts,25025.0,1,0.0
368,2020-02-28,Douglas,Nebraska,31055.0,13,0.0
369,2020-02-28,Washington,Oregon,41067.0,1,0.0
370,2020-02-28,Bexar,Texas,48029.0,11,0.0
371,2020-02-28,Salt Lake,Utah,49035.0,1,0.0
372,2020-02-28,King,Washington,53033.0,1,0.0
373,2020-02-28,Snohomish,Washington,53061.0,2,0.0
374,2020-02-28,Spokane,Washington,53063.0,4,0.0
375,2020-02-28,Dane,Wisconsin,55025.0,1,0.0
376,2020-02-29,Maricopa,Arizona,4013.0,1,0.0
377,2020-02-29,Humboldt,California,6023.0,1,0.0
378,2020-02-29,Los Angeles,California,6037.0,1,0.0
379,2020-02-29,Marin,California,6041.0,1,0.0
380,2020-02-29,Napa,California,6055.0,1,0.0
381,2020-02-29,Orange,California,6059.0,1,0.0
382,2020-02-29,Sacramento,California,6067.0,3,0.0
383,2020-02-29,San Diego,California,6073.0,1,0.0
384,2020-02-29,San Francisco,California,6075.0,3,0.0
385,2020-02-29,Santa Clara,California,6085.0,4,0.0
386,2020-02-29,Solano,California,6095.0,11,0.0
387,2020-02-29,Sonoma,California,6097.0,1,0.0
388,2020-02-29,Cook,Illinois,17031.0,3,0.0
389,2020-02-29,Suffolk,Massachusetts,25025.0,1,0.0
390,2020-02-29,Douglas,Nebraska,31055.0,13,0.0
391,2020-02-29,Washington,Oregon,41067.0,1,0.0
392,2020-02-29,Bexar,Texas,48029.0,11,0.0
393,2020-02-29,Salt Lake,Utah,49035.0,1,0.0
394,2020-02-29,King,Washington,53033.0,4,1.0
395,2020-02-29,Snohomish,Washington,53061.0,2,0.0
396,2020-02-29,Spokane,Washington,53063.0,4,0.0
397,2020-02-29,Dane,Wisconsin,55025.0,1,0.0
398,2020-03-01,Maricopa,Arizona,4013.0,1,0.0
399,2020-03-01,Alameda,California,6001.0,1,0.0
400,2020-03-01,Humboldt,California,6023.0,1,0.0
401,2020-03-01,Los Angeles,California,6037.0,1,0.0
402,2020-03-01,Marin,California,6041.0,1,0.0
403,2020-03-01,Napa,California,6055.0,1,0.0
404,2020-03-01,Orange,California,6059.0,1,0.0
405,2020-03-01,Sacramento,California,6067.0,3,0.0
406,2020-03-01,San Diego,California,6073.0,1,0.0
407,2020-03-01,San Francisco,California,6075.0,3,0.0
408,2020-03-01,Santa Clara,California,6085.0,7,0.0
409,2020-03-01,Solano,California,6095.0,12,0.0
410,2020-03-01,Sonoma,California,6097.0,1,0.0
411,2020-03-01,Hillsborough,Florida,12057.0,1,0.0
412,2020-03-01,Manatee,Florida,12081.0,1,0.0
413,2020-03-01,Cook,Illinois,17031.0,3,0.0
414,2020-03-01,Suffolk,Massachusetts,25025.0,1,0.0
415,2020-03-01,Douglas,Nebraska,31055.0,13,0.0
416,2020-03-01,New York City,New York,,1,0.0
417,2020-03-01,Washington,Oregon,41067.0,2,0.0
418,2020-03-01,Unknown,Rhode Island,,2,0.0
419,2020-03-01,Bexar,Texas,48029.0,11,0.0
420,2020-03-01,Salt Lake,Utah,49035.0,1,0.0
421,2020-03-01,King,Washington,53033.0,11,3.0
422,2020-03-01,Snohomish,Washington,53061.0,2,0.0
423,2020-03-01,Spokane,Washington,53063.0,4,0.0
424,2020-03-01,Dane,Wisconsin,55025.0,1,0.0
425,2020-03-02,Maricopa,Arizona,4013.0,1,0.0
426,2020-03-02,Alameda,California,6001.0,1,0.0
427,2020-03-02,Humboldt,California,6023.0,1,0.0
428,2020-03-02,Los Angeles,California,6037.0,1,0.0
429,2020-03-02,Marin,California,6041.0,1,0.0
430,2020-03-02,Napa,California,6055.0,1,0.0
431,2020-03-02,Orange,California,6059.0,1,0.0
432,2020-03-02,Placer,California,6061.0,1,0.0
433,2020-03-02,Sacramento,California,6067.0,3,0.0
434,2020-03-02,San Diego,California,6073.0,1,0.0
435,2020-03-02,San Francisco,California,6075.0,3,0.0
436,2020-03-02,San Mateo,California,6081.0,1,0.0
437,2020-03-02,Santa Clara,California,6085.0,9,0.0
438,2020-03-02,Solano,California,6095.0,12,0.0
439,2020-03-02,Sonoma,California,6097.0,2,0.0
440,2020-03-02,Hillsborough,Florida,12057.0,1,0.0
441,2020-03-02,Manatee,Florida,12081.0,1,0.0
442,2020-03-02,Fulton,Georgia,13121.0,2,0.0
443,2020-03-02,Cook,Illinois,17031.0,4,0.0
444,2020-03-02,Norfolk,Massachusetts,25021.0,1,0.0
445,2020-03-02,Suffolk,Massachusetts,25025.0,1,0.0
446,2020-03-02,Douglas,Nebraska,31055.0,13,0.0
447,2020-03-02,Grafton,New Hampshire,33009.0,1,0.0
448,2020-03-02,New York City,New York,,1,0.0
449,2020-03-02,Washington,Oregon,41067.0,2,0.0
450,2020-03-02,Unknown,Rhode Island,,2,0.0
451,2020-03-02,Bexar,Texas,48029.0,11,0.0
452,2020-03-02,Salt Lake,Utah,49035.0,1,0.0
453,2020-03-02,King,Washington,53033.0,15,6.0
454,2020-03-02,Snohomish,Washington,53061.0,3,0.0
455,2020-03-02,Spokane,Washington,53063.0,4,0.0
456,2020-03-02,Walla Walla,Washington,53071.0,1,0.0
457,2020-03-02,Dane,Wisconsin,55025.0,1,0.0
458,2020-03-03,Maricopa,Arizona,4013.0,2,0.0
459,2020-03-03,Alameda,California,6001.0,2,0.0
460,2020-03-03,Contra Costa,California,6013.0,1,0.0
461,2020-03-03,Humboldt,California,6023.0,1,0.0
462,2020-03-03,Los Angeles,California,6037.0,1,0.0
463,2020-03-03,Marin,California,6041.0,1,0.0
464,2020-03-03,Napa,California,6055.0,1,0.0
465,2020-03-03,Orange,California,6059.0,3,0.0
466,2020-03-03,Placer,California,6061.0,2,0.0
467,2020-03-03,Sacramento,California,6067.0,3,0.0
468,2020-03-03,San Diego,California,6073.0,1,0.0
469,2020-03-03,San Francisco,California,6075.0,3,0.0
470,2020-03-03,San Mateo,California,6081.0,1,0.0
471,2020-03-03,Santa Clara,California,6085.0,11,0.0
472,2020-03-03,Solano,California,6095.0,12,0.0
473,2020-03-03,Sonoma,California,6097.0,2,0.0
474,2020-03-03,Hillsborough,Florida,12057.0,2,0.0
475,2020-03-03,Manatee,Florida,12081.0,1,0.0
476,2020-03-03,Fulton,Georgia,13121.0,2,0.0
477,2020-03-03,Cook,Illinois,17031.0,4,0.0
478,2020-03-03,Norfolk,Massachusetts,25021.0,1,0.0
479,2020-03-03,Suffolk,Massachusetts,25025.0,1,0.0
480,2020-03-03,Douglas,Nebraska,31055.0,13,0.0
481,2020-03-03,Grafton,New Hampshire,33009.0,2,0.0
482,2020-03-03,New York City,New York,,2,0.0
483,2020-03-03,Wake,North Carolina,37183.0,1,0.0
484,2020-03-03,Washington,Oregon,41067.0,2,0.0
485,2020-03-03,Unknown,Rhode Island,,2,0.0
486,2020-03-03,Bexar,Texas,48029.0,11,0.0
487,2020-03-03,Salt Lake,Utah,49035.0,1,0.0
488,2020-03-03,King,Washington,53033.0,22,10.0
489,2020-03-03,Snohomish,Washington,53061.0,5,0.0
490,2020-03-03,Spokane,Washington,53063.0,4,0.0
491,2020-03-03,Walla Walla,Washington,53071.0,1,0.0
492,2020-03-03,Dane,Wisconsin,55025.0,1,0.0
493,2020-03-04,Maricopa,Arizona,4013.0,2,0.0
494,2020-03-04,Alameda,California,6001.0,2,0.0
495,2020-03-04,Contra Costa,California,6013.0,1,0.0
496,2020-03-04,Humboldt,California,6023.0,1,0.0
497,2020-03-04,Los Angeles,California,6037.0,7,0.0
498,2020-03-04,Marin,California,6041.0,1,0.0
499,2020-03-04,Napa,California,6055.0,1,0.0
500,2020-03-04,Orange,California,6059.0,3,0.0
501,2020-03-04,Placer,California,6061.0,2,1.0
502,2020-03-04,Sacramento,California,6067.0,3,0.0
503,2020-03-04,San Diego,California,6073.0,1,0.0
504,2020-03-04,San Francisco,California,6075.0,3,0.0
505,2020-03-04,San Mateo,California,6081.0,1,0.0
506,2020-03-04,Santa Clara,California,6085.0,14,0.0
507,2020-03-04,Solano,California,6095.0,12,0.0
508,2020-03-04,Sonoma,California,6097.0,3,0.0
509,2020-03-04,Hillsborough,Florida,12057.0,2,0.0
510,2020-03-04,Manatee,Florida,12081.0,1,0.0
511,2020-03-04,Fulton,Georgia,13121.0,2,0.0
512,2020-03-04,Cook,Illinois,17031.0,4,0.0
513,2020-03-04,Norfolk,Massachusetts,25021.0,1,0.0
514,2020-03-04,Suffolk,Massachusetts,25025.0,1,0.0
515,2020-03-04,Douglas,Nebraska,31055.0,13,0.0
516,2020-03-04,Grafton,New Hampshire,33009.0,2,0.0
517,2020-03-04,Bergen,New Jersey,34003.0,1,0.0
518,2020-03-04,New York City,New York,,2,0.0
519,2020-03-04,Westchester,New York,36119.0,9,0.0
520,2020-03-04,Wake,North Carolina,37183.0,1,0.0
521,2020-03-04,Washington,Oregon,41067.0,2,0.0
522,2020-03-04,Unknown,Rhode Island,,2,0.0
523,2020-03-04,Bexar,Texas,48029.0,11,0.0
524,2020-03-04,Fort Bend,Texas,48157.0,1,0.0
525,2020-03-04,Salt Lake,Utah,49035.0,1,0.0
526,2020-03-04,Chelan,Washington,53007.0,1,0.0
527,2020-03-04,King,Washington,53033.0,33,11.0
528,2020-03-04,Snohomish,Washington,53061.0,8,0.0
529,2020-03-04,Spokane,Washington,53063.0,4,0.0
530,2020-03-04,Walla Walla,Washington,53071.0,1,0.0
531,2020-03-04,Dane,Wisconsin,55025.0,1,0.0
532,2020-03-05,Maricopa,Arizona,4013.0,2,0.0
533,2020-03-05,Alameda,California,6001.0,2,0.0
534,2020-03-05,Contra Costa,California,6013.0,1,0.0
535,2020-03-05,Humboldt,California,6023.0,1,0.0
536,2020-03-05,Los Angeles,California,6037.0,11,0.0
537,2020-03-05,Marin,California,6041.0,1,0.0
538,2020-03-05,Napa,California,6055.0,1,0.0
539,2020-03-05,Orange,California,6059.0,3,0.0
540,2020-03-05,Placer,California,6061.0,2,1.0
541,2020-03-05,Sacramento,California,6067.0,3,0.0
542,2020-03-05,San Diego,California,6073.0,1,0.0
543,2020-03-05,San Francisco,California,6075.0,5,0.0
544,2020-03-05,San Mateo,California,6081.0,1,0.0
545,2020-03-05,Santa Clara,California,6085.0,20,0.0
546,2020-03-05,Solano,California,6095.0,12,0.0
547,2020-03-05,Sonoma,California,6097.0,3,0.0
548,2020-03-05,Douglas,Colorado,8035.0,1,0.0
549,2020-03-05,Jefferson,Colorado,8059.0,1,0.0
550,2020-03-05,Hillsborough,Florida,12057.0,2,0.0
551,2020-03-05,Manatee,Florida,12081.0,1,0.0
552,2020-03-05,Santa Rosa,Florida,12113.0,1,0.0
553,2020-03-05,Fulton,Georgia,13121.0,2,0.0
554,2020-03-05,Cook,Illinois,17031.0,5,0.0
555,2020-03-05,Montgomery,Maryland,24031.0,3,0.0
556,2020-03-05,Middlesex,Massachusetts,25017.0,1,0.0
557,2020-03-05,Norfolk,Massachusetts,25021.0,1,0.0
558,2020-03-05,Suffolk,Massachusetts,25025.0,1,0.0
559,2020-03-05,Douglas,Nebraska,31055.0,13,0.0
560,2020-03-05,Clark,Nevada,32003.0,1,0.0
561,2020-03-05,Washoe,Nevada,32031.0,1,0.0
562,2020-03-05,Grafton,New Hampshire,33009.0,2,0.0
563,2020-03-05,Bergen,New Jersey,34003.0,2,0.0
564,2020-03-05,Nassau,New York,36059.0,1,0.0
565,2020-03-05,New York City,New York,,4,0.0
566,2020-03-05,Westchester,New York,36119.0,17,0.0
567,2020-03-05,Wake,North Carolina,37183.0,1,0.0
568,2020-03-05,Washington,Oregon,41067.0,2,0.0
569,2020-03-05,Unknown,Rhode Island,,2,0.0
570,2020-03-05,Williamson,Tennessee,47187.0,1,0.0
571,2020-03-05,Bexar,Texas,48029.0,11,0.0
572,2020-03-05,Fort Bend,Texas,48157.0,1,0.0
573,2020-03-05,Harris,Texas,48201.0,4,0.0
574,2020-03-05,Salt Lake,Utah,49035.0,1,0.0
575,2020-03-05,Chelan,Washington,53007.0,1,0.0
576,2020-03-05,King,Washington,53033.0,52,11.0
577,2020-03-05,Snohomish,Washington,53061.0,17,0.0
578,2020-03-05,Spokane,Washington,53063.0,4,0.0
579,2020-03-05,Walla Walla,Washington,53071.0,1,0.0
580,2020-03-05,Dane,Wisconsin,55025.0,1,0.0
581,2020-03-06,Maricopa,Arizona,4013.0,2,0.0
582,2020-03-06,Pinal,Arizona,4021.0,1,0.0
583,2020-03-06,Alameda,California,6001.0,3,0.0
584,2020-03-06,Contra Costa,California,6013.0,4,0.0
585,2020-03-06,Humboldt,California,6023.0,1,0.0
586,2020-03-06,Los Angeles,California,6037.0,13,0.0
587,2020-03-06,Marin,California,6041.0,1,0.0
588,2020-03-06,Napa,California,6055.0,1,0.0
589,2020-03-06,Orange,California,6059.0,3,0.0
590,2020-03-06,Placer,California,6061.0,5,1.0
591,2020-03-06,Sacramento,California,6067.0,3,0.0
592,2020-03-06,San Diego,California,6073.0,1,0.0
593,2020-03-06,San Francisco,California,6075.0,5,0.0
594,2020-03-06,San Mateo,California,6081.0,1,0.0
595,2020-03-06,Santa Clara,California,6085.0,24,0.0
596,2020-03-06,Solano,California,6095.0,12,0.0
597,2020-03-06,Sonoma,California,6097.0,3,0.0
598,2020-03-06,Yolo,California,6113.0,1,0.0
599,2020-03-06,Denver,Colorado,8031.0,2,0.0
600,2020-03-06,Douglas,Colorado,8035.0,3,0.0
601,2020-03-06,Eagle,Colorado,8037.0,1,0.0
602,2020-03-06,El Paso,Colorado,8041.0,1,0.0
603,2020-03-06,Jefferson,Colorado,8059.0,1,0.0
604,2020-03-06,Broward,Florida,12011.0,2,0.0
605,2020-03-06,Hillsborough,Florida,12057.0,2,0.0
606,2020-03-06,Lee,Florida,12071.0,1,1.0
607,2020-03-06,Manatee,Florida,12081.0,1,0.0
608,2020-03-06,Santa Rosa,Florida,12113.0,1,1.0
609,2020-03-06,Fulton,Georgia,13121.0,2,0.0
610,2020-03-06,Polk,Georgia,13233.0,1,0.0
611,2020-03-06,Honolulu,Hawaii,15003.0,1,0.0
612,2020-03-06,Cook,Illinois,17031.0,6,0.0
613,2020-03-06,Marion,Indiana,18097.0,1,0.0
614,2020-03-06,Fayette,Kentucky,21067.0,1,0.0
615,2020-03-06,Montgomery,Maryland,24031.0,3,0.0
616,2020-03-06,Middlesex,Massachusetts,25017.0,1,0.0
617,2020-03-06,Norfolk,Massachusetts,25021.0,3,0.0
618,2020-03-06,Suffolk,Massachusetts,25025.0,4,0.0
619,2020-03-06,Ramsey,Minnesota,27123.0,1,0.0
620,2020-03-06,Douglas,Nebraska,31055.0,14,0.0
621,2020-03-06,Clark,Nevada,32003.0,1,0.0
622,2020-03-06,Washoe,Nevada,32031.0,1,0.0
623,2020-03-06,Grafton,New Hampshire,33009.0,2,0.0
624,2020-03-06,Bergen,New Jersey,34003.0,3,0.0
625,2020-03-06,Camden,New Jersey,34007.0,1,0.0
626,2020-03-06,Nassau,New York,36059.0,4,0.0
627,2020-03-06,New York City,New York,,5,0.0
628,2020-03-06,Rockland,New York,36087.0,2,0.0
629,2020-03-06,Westchester,New York,36119.0,33,0.0
630,2020-03-06,Chatham,North Carolina,37037.0,1,0.0
631,2020-03-06,Wake,North Carolina,37183.0,1,0.0
632,2020-03-06,Tulsa,Oklahoma,40143.0,1,0.0
633,2020-03-06,Washington,Oregon,41067.0,2,0.0
634,2020-03-06,Delaware,Pennsylvania,42045.0,1,0.0
635,2020-03-06,Wayne,Pennsylvania,42127.0,1,0.0
636,2020-03-06,Unknown,Rhode Island,,3,0.0
637,2020-03-06,Charleston,South Carolina,45019.0,1,0.0
638,2020-03-06,Kershaw,South Carolina,45055.0,1,0.0
639,2020-03-06,Williamson,Tennessee,47187.0,1,0.0
640,2020-03-06,Bexar,Texas,48029.0,11,0.0
641,2020-03-06,Fort Bend,Texas,48157.0,3,0.0
642,2020-03-06,Harris,Texas,48201.0,5,0.0
643,2020-03-06,Davis,Utah,49011.0,1,0.0
644,2020-03-06,Salt Lake,Utah,49035.0,1,0.0
645,2020-03-06,Washington,Utah,49053.0,1,0.0
646,2020-03-06,Chelan,Washington,53007.0,1,0.0
647,2020-03-06,Clark,Washington,53011.0,1,0.0
648,2020-03-06,Jefferson,Washington,53031.0,1,0.0
649,2020-03-06,King,Washington,53033.0,59,12.0
650,2020-03-06,Pierce,Washington,53053.0,1,0.0
651,2020-03-06,Snohomish,Washington,53061.0,18,0.0
652,2020-03-06,Spokane,Washington,53063.0,4,0.0
653,2020-03-06,Walla Walla,Washington,53071.0,1,0.0
654,2020-03-06,Dane,Wisconsin,55025.0,1,0.0
655,2020-03-07,Maricopa,Arizona,4013.0,2,0.0
656,2020-03-07,Pinal,Arizona,4021.0,3,0.0
657,2020-03-07,Alameda,California,6001.0,3,0.0
658,2020-03-07,Contra Costa,California,6013.0,4,0.0
659,2020-03-07,Fresno,California,6019.0,1,0.0
660,2020-03-07,Humboldt,California,6023.0,1,0.0
661,2020-03-07,Los Angeles,California,6037.0,14,0.0
662,2020-03-07,Madera,California,6039.0,1,0.0
663,2020-03-07,Marin,California,6041.0,1,0.0
664,2020-03-07,Napa,California,6055.0,1,0.0
665,2020-03-07,Orange,California,6059.0,3,0.0
666,2020-03-07,Placer,California,6061.0,5,1.0
667,2020-03-07,Riverside,California,6065.0,1,0.0
668,2020-03-07,Sacramento,California,6067.0,3,0.0
669,2020-03-07,San Diego,California,6073.0,1,0.0
670,2020-03-07,San Francisco,California,6075.0,11,0.0
671,2020-03-07,San Mateo,California,6081.0,1,0.0
672,2020-03-07,Santa Clara,California,6085.0,32,0.0
673,2020-03-07,Santa Cruz,California,6087.0,1,0.0
674,2020-03-07,Solano,California,6095.0,12,0.0
675,2020-03-07,Sonoma,California,6097.0,3,0.0
676,2020-03-07,Yolo,California,6113.0,1,0.0
677,2020-03-07,Denver,Colorado,8031.0,2,0.0
678,2020-03-07,Douglas,Colorado,8035.0,3,0.0
679,2020-03-07,Eagle,Colorado,8037.0,1,0.0
680,2020-03-07,El Paso,Colorado,8041.0,1,0.0
681,2020-03-07,Jefferson,Colorado,8059.0,1,0.0
682,2020-03-07,District of Columbia,District of Columbia,11001.0,1,0.0
683,2020-03-07,Broward,Florida,12011.0,2,0.0
684,2020-03-07,Charlotte,Florida,12015.0,1,0.0
685,2020-03-07,Hillsborough,Florida,12057.0,2,0.0
686,2020-03-07,Lee,Florida,12071.0,2,1.0
687,2020-03-07,Manatee,Florida,12081.0,2,0.0
688,2020-03-07,Okaloosa,Florida,12091.0,1,0.0
689,2020-03-07,Santa Rosa,Florida,12113.0,1,1.0
690,2020-03-07,Volusia,Florida,12127.0,1,0.0
691,2020-03-07,Cobb,Georgia,13067.0,1,0.0
692,2020-03-07,Fulton,Georgia,13121.0,4,0.0
693,2020-03-07,Gwinnett,Georgia,13135.0,1,0.0
694,2020-03-07,Polk,Georgia,13233.0,1,0.0
695,2020-03-07,Honolulu,Hawaii,15003.0,1,0.0
696,2020-03-07,Cook,Illinois,17031.0,6,0.0
697,2020-03-07,Marion,Indiana,18097.0,1,0.0
698,2020-03-07,Johnson,Kansas,20091.0,1,0.0
699,2020-03-07,Fayette,Kentucky,21067.0,1,0.0
700,2020-03-07,Montgomery,Maryland,24031.0,3,0.0
701,2020-03-07,Berkshire,Massachusetts,25003.0,1,0.0
702,2020-03-07,Middlesex,Massachusetts,25017.0,5,0.0
703,2020-03-07,Norfolk,Massachusetts,25021.0,3,0.0
704,2020-03-07,Suffolk,Massachusetts,25025.0,4,0.0
705,2020-03-07,Ramsey,Minnesota,27123.0,1,0.0
706,2020-03-07,St. Louis,Missouri,29189.0,1,0.0
707,2020-03-07,Douglas,Nebraska,31055.0,14,0.0
708,2020-03-07,Clark,Nevada,32003.0,1,0.0
709,2020-03-07,Washoe,Nevada,32031.0,1,0.0
710,2020-03-07,Grafton,New Hampshire,33009.0,3,0.0
711,2020-03-07,Rockingham,New Hampshire,33015.0,1,0.0
712,2020-03-07,Bergen,New Jersey,34003.0,3,0.0
713,2020-03-07,Camden,New Jersey,34007.0,1,0.0
714,2020-03-07,Nassau,New York,36059.0,4,0.0
715,2020-03-07,New York City,New York,,12,0.0
716,2020-03-07,Rockland,New York,36087.0,2,0.0
717,2020-03-07,Saratoga,New York,36091.0,2,0.0
718,2020-03-07,Westchester,New York,36119.0,69,0.0
719,2020-03-07,Chatham,North Carolina,37037.0,1,0.0
720,2020-03-07,Wake,North Carolina,37183.0,1,0.0
721,2020-03-07,Tulsa,Oklahoma,40143.0,1,0.0
722,2020-03-07,Jackson,Oregon,41029.0,2,0.0
723,2020-03-07,Klamath,Oregon,41035.0,1,0.0
724,2020-03-07,Washington,Oregon,41067.0,3,0.0
725,2020-03-07,Delaware,Pennsylvania,42045.0,1,0.0
726,2020-03-07,Montgomery,Pennsylvania,42091.0,2,0.0
727,2020-03-07,Wayne,Pennsylvania,42127.0,1,0.0
728,2020-03-07,Unknown,Rhode Island,,3,0.0
729,2020-03-07,Charleston,South Carolina,45019.0,1,0.0
730,2020-03-07,Kershaw,South Carolina,45055.0,1,0.0
731,2020-03-07,Williamson,Tennessee,47187.0,1,0.0
732,2020-03-07,Bexar,Texas,48029.0,11,0.0
733,2020-03-07,Fort Bend,Texas,48157.0,3,0.0
734,2020-03-07,Harris,Texas,48201.0,5,0.0
735,2020-03-07,Davis,Utah,49011.0,1,0.0
736,2020-03-07,Salt Lake,Utah,49035.0,1,0.0
737,2020-03-07,Washington,Utah,49053.0,1,0.0
738,2020-03-07,Bennington,Vermont,50003.0,1,0.0
739,2020-03-07,Fairfax,Virginia,51059.0,1,0.0
740,2020-03-07,Chelan,Washington,53007.0,1,0.0
741,2020-03-07,Clark,Washington,53011.0,1,0.0
742,2020-03-07,Jefferson,Washington,53031.0,1,0.0
743,2020-03-07,King,Washington,53033.0,72,16.0
744,2020-03-07,Kittitas,Washington,53037.0,1,0.0
745,2020-03-07,Pierce,Washington,53053.0,3,0.0
746,2020-03-07,Snohomish,Washington,53061.0,26,0.0
747,2020-03-07,Spokane,Washington,53063.0,4,0.0
748,2020-03-07,Walla Walla,Washington,53071.0,1,0.0
749,2020-03-07,Dane,Wisconsin,55025.0,1,0.0
750,2020-03-08,Maricopa,Arizona,4013.0,2,0.0
751,2020-03-08,Pinal,Arizona,4021.0,3,0.0
752,2020-03-08,Alameda,California,6001.0,3,0.0
753,2020-03-08,Contra Costa,California,6013.0,9,0.0
754,2020-03-08,Fresno,California,6019.0,1,0.0
755,2020-03-08,Humboldt,California,6023.0,1,0.0
756,2020-03-08,Los Angeles,California,6037.0,14,0.0
757,2020-03-08,Madera,California,6039.0,1,0.0
758,2020-03-08,Marin,California,6041.0,1,0.0
759,2020-03-08,Napa,California,6055.0,1,0.0
760,2020-03-08,Orange,California,6059.0,3,0.0
761,2020-03-08,Placer,California,6061.0,7,1.0
762,2020-03-08,Riverside,California,6065.0,1,0.0
763,2020-03-08,Sacramento,California,6067.0,3,0.0
764,2020-03-08,San Diego,California,6073.0,1,0.0
765,2020-03-08,San Francisco,California,6075.0,11,0.0
766,2020-03-08,San Mateo,California,6081.0,1,0.0
767,2020-03-08,Santa Clara,California,6085.0,37,0.0
768,2020-03-08,Santa Cruz,California,6087.0,1,0.0
769,2020-03-08,Solano,California,6095.0,12,0.0
770,2020-03-08,Sonoma,California,6097.0,3,0.0
771,2020-03-08,Yolo,California,6113.0,1,0.0
772,2020-03-08,Denver,Colorado,8031.0,2,0.0
773,2020-03-08,Douglas,Colorado,8035.0,3,0.0
774,2020-03-08,Eagle,Colorado,8037.0,1,0.0
775,2020-03-08,El Paso,Colorado,8041.0,1,0.0
776,2020-03-08,Jefferson,Colorado,8059.0,1,0.0
777,2020-03-08,Fairfield,Connecticut,9001.0,1,0.0
778,2020-03-08,District of Columbia,District of Columbia,11001.0,1,0.0
779,2020-03-08,Broward,Florida,12011.0,3,0.0
780,2020-03-08,Charlotte,Florida,12015.0,1,0.0
781,2020-03-08,Hillsborough,Florida,12057.0,2,0.0
782,2020-03-08,Lee,Florida,12071.0,2,1.0
783,2020-03-08,Manatee,Florida,12081.0,2,0.0
784,2020-03-08,Okaloosa,Florida,12091.0,1,0.0
785,2020-03-08,Santa Rosa,Florida,12113.0,1,1.0
786,2020-03-08,Volusia,Florida,12127.0,1,0.0
787,2020-03-08,Cherokee,Georgia,13057.0,1,0.0
788,2020-03-08,Cobb,Georgia,13067.0,3,0.0
789,2020-03-08,Fulton,Georgia,13121.0,5,0.0
790,2020-03-08,Gwinnett,Georgia,13135.0,1,0.0
791,2020-03-08,Polk,Georgia,13233.0,1,0.0
792,2020-03-08,Honolulu,Hawaii,15003.0,2,0.0
793,2020-03-08,Cook,Illinois,17031.0,7,0.0
794,2020-03-08,Hendricks,Indiana,18063.0,1,0.0
795,2020-03-08,Marion,Indiana,18097.0,1,0.0
796,2020-03-08,Johnson,Iowa,19103.0,3,0.0
797,2020-03-08,Johnson,Kansas,20091.0,1,0.0
798,2020-03-08,Fayette,Kentucky,21067.0,2,0.0
799,2020-03-08,Harrison,Kentucky,21097.0,1,0.0
800,2020-03-08,Jefferson,Kentucky,21111.0,1,0.0
801,2020-03-08,Harford,Maryland,24025.0,1,0.0
802,2020-03-08,Montgomery,Maryland,24031.0,4,0.0
803,2020-03-08,Berkshire,Massachusetts,25003.0,1,0.0
804,2020-03-08,Middlesex,Massachusetts,25017.0,10,0.0
805,2020-03-08,Norfolk,Massachusetts,25021.0,7,0.0
806,2020-03-08,Suffolk,Massachusetts,25025.0,9,0.0
807,2020-03-08,Worcester,Massachusetts,25027.0,1,0.0
808,2020-03-08,Carver,Minnesota,27019.0,1,0.0
809,2020-03-08,Ramsey,Minnesota,27123.0,1,0.0
810,2020-03-08,St. Louis,Missouri,29189.0,1,0.0
811,2020-03-08,Douglas,Nebraska,31055.0,16,0.0
812,2020-03-08,Clark,Nevada,32003.0,2,0.0
813,2020-03-08,Washoe,Nevada,32031.0,2,0.0
814,2020-03-08,Grafton,New Hampshire,33009.0,3,0.0
815,2020-03-08,Rockingham,New Hampshire,33015.0,1,0.0
816,2020-03-08,Bergen,New Jersey,34003.0,4,0.0
817,2020-03-08,Camden,New Jersey,34007.0,1,0.0
818,2020-03-08,Passaic,New Jersey,34031.0,1,0.0
819,2020-03-08,Nassau,New York,36059.0,5,0.0
820,2020-03-08,New York City,New York,,14,0.0
821,2020-03-08,Rockland,New York,36087.0,2,0.0
822,2020-03-08,Saratoga,New York,36091.0,2,0.0
823,2020-03-08,Suffolk,New York,36103.0,1,0.0
824,2020-03-08,Ulster,New York,36111.0,1,0.0
825,2020-03-08,Westchester,New York,36119.0,81,0.0
826,2020-03-08,Chatham,North Carolina,37037.0,1,0.0
827,2020-03-08,Wake,North Carolina,37183.0,1,0.0
828,2020-03-08,Tulsa,Oklahoma,40143.0,1,0.0
829,2020-03-08,Douglas,Oregon,41019.0,1,0.0
830,2020-03-08,Jackson,Oregon,41029.0,2,0.0
831,2020-03-08,Klamath,Oregon,41035.0,1,0.0
832,2020-03-08,Marion,Oregon,41047.0,1,0.0
833,2020-03-08,Washington,Oregon,41067.0,8,0.0
834,2020-03-08,Delaware,Pennsylvania,42045.0,1,0.0
835,2020-03-08,Montgomery,Pennsylvania,42091.0,4,0.0
836,2020-03-08,Wayne,Pennsylvania,42127.0,1,0.0
837,2020-03-08,Unknown,Rhode Island,,3,0.0
838,2020-03-08,Charleston,South Carolina,45019.0,1,0.0
839,2020-03-08,Kershaw,South Carolina,45055.0,4,0.0
840,2020-03-08,Spartanburg,South Carolina,45083.0,1,0.0
841,2020-03-08,Davidson,Tennessee,47037.0,1,0.0
842,2020-03-08,Shelby,Tennessee,47157.0,1,0.0
843,2020-03-08,Williamson,Tennessee,47187.0,1,0.0
844,2020-03-08,Bexar,Texas,48029.0,11,0.0
845,2020-03-08,Fort Bend,Texas,48157.0,6,0.0
846,2020-03-08,Harris,Texas,48201.0,6,0.0
847,2020-03-08,Davis,Utah,49011.0,1,0.0
848,2020-03-08,Salt Lake,Utah,49035.0,1,0.0
849,2020-03-08,Washington,Utah,49053.0,1,0.0
850,2020-03-08,Bennington,Vermont,50003.0,1,0.0
851,2020-03-08,Fairfax,Virginia,51059.0,2,0.0
852,2020-03-08,Chelan,Washington,53007.0,1,1.0
853,2020-03-08,Clark,Washington,53011.0,1,0.0
854,2020-03-08,Jefferson,Washington,53031.0,1,0.0
855,2020-03-08,King,Washington,53033.0,91,18.0
856,2020-03-08,Kitsap,Washington,53035.0,1,0.0
857,2020-03-08,Kittitas,Washington,53037.0,1,0.0
858,2020-03-08,Pierce,Washington,53053.0,4,0.0
859,2020-03-08,Snohomish,Washington,53061.0,36,0.0
860,2020-03-08,Spokane,Washington,53063.0,4,0.0
861,2020-03-08,Walla Walla,Washington,53071.0,1,0.0
862,2020-03-08,Dane,Wisconsin,55025.0,1,0.0
863,2020-03-09,Maricopa,Arizona,4013.0,2,0.0
864,2020-03-09,Pima,Arizona,4019.0,1,0.0
865,2020-03-09,Pinal,Arizona,4021.0,3,0.0
866,2020-03-09,Alameda,California,6001.0,24,0.0
867,2020-03-09,Contra Costa,California,6013.0,9,0.0
868,2020-03-09,Fresno,California,6019.0,1,0.0
869,2020-03-09,Humboldt,California,6023.0,1,0.0
870,2020-03-09,Los Angeles,California,6037.0,19,0.0
871,2020-03-09,Madera,California,6039.0,1,0.0
872,2020-03-09,Marin,California,6041.0,2,0.0
873,2020-03-09,Napa,California,6055.0,1,0.0
874,2020-03-09,Orange,California,6059.0,5,0.0
875,2020-03-09,Placer,California,6061.0,7,1.0
876,2020-03-09,Riverside,California,6065.0,4,0.0
877,2020-03-09,Sacramento,California,6067.0,9,0.0
878,2020-03-09,San Diego,California,6073.0,2,0.0
879,2020-03-09,San Francisco,California,6075.0,16,0.0
880,2020-03-09,San Mateo,California,6081.0,9,0.0
881,2020-03-09,Santa Clara,California,6085.0,43,1.0
882,2020-03-09,Santa Cruz,California,6087.0,2,0.0
883,2020-03-09,Shasta,California,6089.0,1,0.0
884,2020-03-09,Solano,California,6095.0,12,0.0
885,2020-03-09,Sonoma,California,6097.0,3,0.0
886,2020-03-09,Yolo,California,6113.0,1,0.0
887,2020-03-09,Arapahoe,Colorado,8005.0,1,0.0
888,2020-03-09,Denver,Colorado,8031.0,3,0.0
889,2020-03-09,Douglas,Colorado,8035.0,3,0.0
890,2020-03-09,Eagle,Colorado,8037.0,2,0.0
891,2020-03-09,El Paso,Colorado,8041.0,1,0.0
892,2020-03-09,Jefferson,Colorado,8059.0,1,0.0
893,2020-03-09,Larimer,Colorado,8069.0,1,0.0
894,2020-03-09,Fairfield,Connecticut,9001.0,2,0.0
895,2020-03-09,District of Columbia,District of Columbia,11001.0,4,0.0
896,2020-03-09,Broward,Florida,12011.0,3,0.0
897,2020-03-09,Charlotte,Florida,12015.0,1,0.0
898,2020-03-09,Hillsborough,Florida,12057.0,2,0.0
899,2020-03-09,Lee,Florida,12071.0,2,1.0
900,2020-03-09,Manatee,Florida,12081.0,2,0.0
901,2020-03-09,Okaloosa,Florida,12091.0,1,0.0
902,2020-03-09,Santa Rosa,Florida,12113.0,1,1.0
903,2020-03-09,Volusia,Florida,12127.0,2,0.0
904,2020-03-09,Cherokee,Georgia,13057.0,1,0.0
905,2020-03-09,Cobb,Georgia,13067.0,4,0.0
906,2020-03-09,DeKalb,Georgia,13089.0,2,0.0
907,2020-03-09,Fayette,Georgia,13113.0,1,0.0
908,2020-03-09,Floyd,Georgia,13115.0,1,0.0
909,2020-03-09,Fulton,Georgia,13121.0,5,0.0
910,2020-03-09,Gwinnett,Georgia,13135.0,2,0.0
911,2020-03-09,Polk,Georgia,13233.0,1,0.0
912,2020-03-09,Honolulu,Hawaii,15003.0,2,0.0
913,2020-03-09,Cook,Illinois,17031.0,11,0.0
914,2020-03-09,Hendricks,Indiana,18063.0,2,0.0
915,2020-03-09,Marion,Indiana,18097.0,1,0.0
916,2020-03-09,Noble,Indiana,18113.0,1,0.0
917,2020-03-09,Johnson,Iowa,19103.0,7,0.0
918,2020-03-09,Pottawattamie,Iowa,19155.0,1,0.0
919,2020-03-09,Johnson,Kansas,20091.0,1,0.0
920,2020-03-09,Fayette,Kentucky,21067.0,3,0.0
921,2020-03-09,Harrison,Kentucky,21097.0,1,0.0
922,2020-03-09,Jefferson,Kentucky,21111.0,1,0.0
923,2020-03-09,Jefferson,Louisiana,22051.0,1,0.0
924,2020-03-09,Harford,Maryland,24025.0,1,0.0
925,2020-03-09,Montgomery,Maryland,24031.0,4,0.0
926,2020-03-09,Prince George's,Maryland,24033.0,1,0.0
927,2020-03-09,Berkshire,Massachusetts,25003.0,5,0.0
928,2020-03-09,Middlesex,Massachusetts,25017.0,15,0.0
929,2020-03-09,Norfolk,Massachusetts,25021.0,10,0.0
930,2020-03-09,Suffolk,Massachusetts,25025.0,10,0.0
931,2020-03-09,Worcester,Massachusetts,25027.0,1,0.0
932,2020-03-09,Carver,Minnesota,27019.0,1,0.0
933,2020-03-09,Ramsey,Minnesota,27123.0,1,0.0
934,2020-03-09,St. Louis,Missouri,29189.0,1,0.0
935,2020-03-09,Douglas,Nebraska,31055.0,16,0.0
936,2020-03-09,Clark,Nevada,32003.0,2,0.0
937,2020-03-09,Washoe,Nevada,32031.0,2,0.0
938,2020-03-09,Grafton,New Hampshire,33009.0,3,0.0
939,2020-03-09,Rockingham,New Hampshire,33015.0,1,0.0
940,2020-03-09,Bergen,New Jersey,34003.0,5,0.0
941,2020-03-09,Camden,New Jersey,34007.0,1,0.0
942,2020-03-09,Hudson,New Jersey,34017.0,1,0.0
943,2020-03-09,Monmouth,New Jersey,34025.0,2,0.0
944,2020-03-09,Passaic,New Jersey,34031.0,1,0.0
945,2020-03-09,Union,New Jersey,34039.0,1,0.0
946,2020-03-09,Nassau,New York,36059.0,17,0.0
947,2020-03-09,New York City,New York,,20,0.0
948,2020-03-09,Rockland,New York,36087.0,4,0.0
949,2020-03-09,Saratoga,New York,36091.0,2,0.0
950,2020-03-09,Suffolk,New York,36103.0,1,0.0
951,2020-03-09,Ulster,New York,36111.0,1,0.0
952,2020-03-09,Westchester,New York,36119.0,97,0.0
953,2020-03-09,Chatham,North Carolina,37037.0,1,0.0
954,2020-03-09,Wake,North Carolina,37183.0,6,0.0
955,2020-03-09,Cuyahoga,Ohio,39035.0,3,0.0
956,2020-03-09,Tulsa,Oklahoma,40143.0,1,0.0
957,2020-03-09,Douglas,Oregon,41019.0,1,0.0
958,2020-03-09,Jackson,Oregon,41029.0,2,0.0
959,2020-03-09,Klamath,Oregon,41035.0,1,0.0
960,2020-03-09,Marion,Oregon,41047.0,1,0.0
961,2020-03-09,Washington,Oregon,41067.0,8,0.0
962,2020-03-09,Delaware,Pennsylvania,42045.0,1,0.0
963,2020-03-09,Monroe,Pennsylvania,42089.0,1,0.0
964,2020-03-09,Montgomery,Pennsylvania,42091.0,7,0.0
965,2020-03-09,Wayne,Pennsylvania,42127.0,1,0.0
966,2020-03-09,Unknown,Rhode Island,,3,0.0
967,2020-03-09,Charleston,South Carolina,45019.0,1,0.0
968,2020-03-09,Kershaw,South Carolina,45055.0,5,0.0
969,2020-03-09,Spartanburg,South Carolina,45083.0,1,0.0
970,2020-03-09,Davidson,Tennessee,47037.0,1,0.0
971,2020-03-09,Shelby,Tennessee,47157.0,1,0.0
972,2020-03-09,Williamson,Tennessee,47187.0,2,0.0
973,2020-03-09,Bexar,Texas,48029.0,11,0.0
974,2020-03-09,Collin,Texas,48085.0,1,0.0
975,2020-03-09,Fort Bend,Texas,48157.0,6,0.0
976,2020-03-09,Harris,Texas,48201.0,6,0.0
977,2020-03-09,Davis,Utah,49011.0,1,0.0
978,2020-03-09,Salt Lake,Utah,49035.0,1,0.0
979,2020-03-09,Washington,Utah,49053.0,1,0.0
980,2020-03-09,Bennington,Vermont,50003.0,1,0.0
981,2020-03-09,Fairfax,Virginia,51059.0,4,0.0
982,2020-03-09,Virginia Beach city,Virginia,51810.0,1,0.0
983,2020-03-09,Chelan,Washington,53007.0,1,1.0
984,2020-03-09,Clark,Washington,53011.0,1,0.0
985,2020-03-09,Jefferson,Washington,53031.0,1,0.0
986,2020-03-09,King,Washington,53033.0,117,21.0
987,2020-03-09,Kitsap,Washington,53035.0,1,0.0
988,2020-03-09,Kittitas,Washington,53037.0,1,0.0
989,2020-03-09,Pierce,Washington,53053.0,7,0.0
990,2020-03-09,Snohomish,Washington,53061.0,45,0.0
991,2020-03-09,Spokane,Washington,53063.0,4,0.0
992,2020-03-09,Walla Walla,Washington,53071.0,1,0.0
993,2020-03-09,Dane,Wisconsin,55025.0,1,0.0
994,2020-03-09,Pierce,Wisconsin,55093.0,1,0.0
995,2020-03-10,Maricopa,Arizona,4013.0,2,0.0
996,2020-03-10,Pima,Arizona,4019.0,1,0.0
997,2020-03-10,Pinal,Arizona,4021.0,3,0.0
998,2020-03-10,Alameda,California,6001.0,25,0.0
999,2020-03-10,Contra Costa,California,6013.0,9,0.0
